{
    "10": 0.16942813992500305,
    "12": 0.16016735136508942,
    "14": 0.16222459077835083,
    "16": 0.14901232719421387,
    "18": 0.14265646040439606,
    "20": 0.15507172465324402,
    "22": 0.1564770599603653,
    "24": 0.16066699290275574,
    "26": 0.15832941114902496,
    "28": 0.1571196258068085,
    "30": 0.15556831336021423,
    "32": 0.15836390125751495,
    "34": 0.16001829528808594,
    "36": 0.1619263259768486,
    "38": 0.16110347777605057,
    "40": 0.16204762482643127,
    "42": 0.16376065284013748,
    "44": 0.15497933280467987,
    "46": 0.15014418232440948,
    "48": 0.14177537453174591,
    "50": 0.13527197605371475
}