{
    "chicken_wings": {
        "8": 0.31405189633369446,
        "9": 0.34267458319664,
        "10": 0.3613729178905487,
        "11": 0.3815879821777344,
        "12": 0.3946782946586609,
        "13": 0.3912167251110077,
        "14": 0.3842405080795288,
        "15": 0.3560720682144165,
        "16": 0.35572436451911926,
        "17": 0.3533371090888977,
        "18": 0.3352423906326294,
        "19": 0.36316782236099243
    },
    "hips": {
        "8": 0.1768072247505188,
        "9": 0.18073061108589172,
        "10": 0.18872080743312836,
        "11": 0.18446718156337738,
        "12": 0.17979641258716583,
        "13": 0.1880146563053131,
        "14": 0.20450171828269958,
        "15": 0.21310323476791382,
        "16": 0.22087077796459198,
        "17": 0.22617003321647644,
        "18": 0.2212102711200714,
        "19": 0.21308934688568115
    },
    "jiggle_on_toes": {
        "8": 0.27454066276550293,
        "9": 0.3163793981075287,
        "10": 0.3324096202850342,
        "11": 0.34652507305145264,
        "12": 0.3455560505390167,
        "13": 0.3609685003757477,
        "14": 0.3954215943813324,
        "15": 0.39488741755485535,
        "16": 0.3978247344493866,
        "17": 0.38113266229629517,
        "18": 0.3632957935333252,
        "19": 0.3674600422382355
    },
    "jumping_jacks": {
        "8": 0.17239047586917877,
        "9": 0.17677733302116394,
        "10": 0.18230755627155304,
        "11": 0.19078032672405243,
        "12": 0.18719863891601562,
        "13": 0.1929030865430832,
        "14": 0.1965586394071579,
        "15": 0.18317395448684692,
        "16": 0.18417227268218994,
        "17": 0.18246956169605255,
        "18": 0.19575926661491394,
        "19": 0.1982119083404541
    },
    "knees": {
        "8": 0.1693648099899292,
        "9": 0.17860201001167297,
        "10": 0.17942282557487488,
        "11": 0.18761952221393585,
        "12": 0.18342716991901398,
        "13": 0.1916762739419937,
        "14": 0.19949468970298767,
        "15": 0.20366965234279633,
        "16": 0.20554538071155548,
        "17": 0.19735732674598694,
        "18": 0.2104041576385498,
        "19": 0.21425889432430267
    },
    "light_hopping_loose": {
        "8": 0.25998440384864807,
        "9": 0.2697226405143738,
        "10": 0.293423056602478,
        "11": 0.2954672574996948,
        "12": 0.3100248873233795,
        "13": 0.3120654821395874,
        "14": 0.3230748474597931,
        "15": 0.3174702823162079,
        "16": 0.3272313177585602,
        "17": 0.32940903306007385,
        "18": 0.31412965059280396,
        "19": 0.31207025051116943
    },
    "light_hopping_stiff": {
        "8": 0.34419697523117065,
        "9": 0.3726942539215088,
        "10": 0.4091610014438629,
        "11": 0.4018230140209198,
        "12": 0.4196300506591797,
        "13": 0.4176226556301117,
        "14": 0.4153645634651184,
        "15": 0.3670233488082886,
        "16": 0.36742663383483887,
        "17": 0.3600757420063019,
        "18": 0.36257222294807434,
        "19": 0.3626456558704376
    },
    "one_leg_jump": {
        "8": 0.1675110161304474,
        "9": 0.17977768182754517,
        "10": 0.16983801126480103,
        "11": 0.19134898483753204,
        "12": 0.19177009165287018,
        "13": 0.18282286822795868,
        "14": 0.18610048294067383,
        "15": 0.1947479546070099,
        "16": 0.2011331170797348,
        "17": 0.2156897932291031,
        "18": 0.21882766485214233,
        "19": 0.2043149322271347
    },
    "one_leg_loose": {
        "8": 0.23507554829120636,
        "9": 0.2417289912700653,
        "10": 0.2651364207267761,
        "11": 0.27075937390327454,
        "12": 0.2751285433769226,
        "13": 0.28113266825675964,
        "14": 0.2972642183303833,
        "15": 0.29651689529418945,
        "16": 0.28576260805130005,
        "17": 0.28628894686698914,
        "18": 0.2909370958805084,
        "19": 0.2902233600616455
    },
    "punching": {
        "8": 0.19495445489883423,
        "9": 0.21057970821857452,
        "10": 0.23174917697906494,
        "11": 0.2384471595287323,
        "12": 0.23831532895565033,
        "13": 0.2319725751876831,
        "14": 0.2413238286972046,
        "15": 0.25217247009277344,
        "16": 0.2558574974536896,
        "17": 0.2529652714729309,
        "18": 0.2619260251522064,
        "19": 0.24749742448329926
    },
    "running_on_spot": {
        "8": 0.1197899654507637,
        "9": 0.1276668906211853,
        "10": 0.122308649122715,
        "11": 0.13676035404205322,
        "12": 0.12733514606952667,
        "13": 0.13739800453186035,
        "14": 0.13620471954345703,
        "15": 0.13916005194187164,
        "16": 0.14658910036087036,
        "17": 0.15127664804458618,
        "18": 0.1558862030506134,
        "19": 0.16001494228839874
    },
    "shake_arms": {
        "8": 0.2889721989631653,
        "9": 0.2958020865917206,
        "10": 0.33649691939353943,
        "11": 0.3451443314552307,
        "12": 0.3366445302963257,
        "13": 0.3562488853931427,
        "14": 0.3589215576648712,
        "15": 0.36133670806884766,
        "16": 0.3577077388763428,
        "17": 0.3605477511882782,
        "18": 0.34932073950767517,
        "19": 0.368947833776474
    },
    "shake_hips": {
        "8": 0.35096031427383423,
        "9": 0.35976389050483704,
        "10": 0.31215256452560425,
        "11": 0.3413190543651581,
        "12": 0.3898882269859314,
        "13": 0.3956182301044464,
        "14": 0.4015744924545288,
        "15": 0.4050254821777344,
        "16": 0.41179659962654114,
        "17": 0.412168025970459,
        "18": 0.3891938030719757,
        "19": 0.3599599599838257
    },
    "shake_shoulders": {
        "8": 0.27925732731819153,
        "9": 0.31612059473991394,
        "10": 0.3336692750453949,
        "11": 0.3354492783546448,
        "12": 0.3173874616622925,
        "13": 0.3132786452770233,
        "14": 0.3402930796146393,
        "15": 0.3341369032859802,
        "16": 0.3418606221675873,
        "17": 0.36316320300102234,
        "18": 0.373456746339798,
        "19": 0.35506969690322876
    }
}